no,status,start,end,effective,platform,name,group
001, Final        , 2006-07-12 ,            ,            , Java ME , Real-time Specification for Java,
002, Withdrawn    ,            ,            , 1999-01-09 ,  , Boundary-Scan API,
003, Withdrawn    ,            ,            , 2014-03-05 , Java SE , Java™ Management Extensions (JMX™) Specification,
004, Maintenance  , 2002-03-19 , 2002-04-22 ,            , Java SE , ECperf Benchmark Specification,
005, Final        , 2000-03-21 ,            ,            , Java EE , XML Parsing Specification,
006, Final        , 2002-05-09 ,            ,            , Java SE , Unified Printing API (Java Print Service API),
007, Withdrawn    ,            ,            , 2004-10-11 ,  , Industrial Automation Extension,
008, Withdrawn    ,            ,            , 1999-05-10 ,  , Open Services Gateway Specification,
009, Maintenance  , 2000-08-18 , 2000-09-18 ,            ,  , Federated Management Architecture Specification,
010, Final        , 2002-05-09 ,            ,            , Java SE , Preferences API Specification,
011, Final        , 2001-10-04 ,            ,            ,  ," JAIN<sup><font size=""-2"">TM</font></sup> TCAP Specification",
012, Maintenance  , 2004-10-25 , 2004-12-06 ,            ,  ," Java<sup><font size=""-2"">TM</font></sup> Data Objects (JDO) Specification",
013, Final        , 2004-09-30 ,            ,            , Java SE , Decimal Arithmetic Enhancement,
014, Final        , 2004-09-30 ,            ,            , Java SE ," Add Generic Types To The Java<sup><font size=""-2"">TM</font></sup> Programming Language",
015, Final        , 2002-05-09 ,            ,            , Java SE , Image I/O Framework Specification,
016, Final        , 2001-09-24 ,            ,            , Java EE ," J2EE<sup><font size=""-2"">TM</font></sup> Connector Architecture",
017, Withdrawn    ,            ,            , 2003-02-05 ,  ," JAIN<sup><font size=""-2"">TM</font></sup> ISUP Specification",
018, Final        , 2000-09-14 ,            ,            ,  ," JAIN<sup><font size=""-2"">TM</font></sup> OAM API Specification",
019, Maintenance  , 2002-02-20 , 2002-03-25 ,            , Java EE ," Enterprise JavaBeans<sup><font size=""-2"">TM</font></sup> 2.0",
020, Rejected     ,            ,            , 1999-08-11 ,  ," Orthogonal Persistence for the Java<sup><font size=""-2"">TM</font></sup> Platform",
021, Final        , 2002-07-30 ,            ,            ,  ," JAIN<sup><font size=""-2"">TM</font></sup> JCC Specification",
022, Final        , 2004-03-03 ,            ,            ,  ," JAIN<sup><font size=""-2"">TM</font></sup> SLEE API Specification",
023, Final        , 2001-10-08 ,            ,            ,  ," JAIN<sup><font size=""-2"">TM</font></sup> MGCP API Specification",
024, Final        , 2002-10-08 ,            ,            ,  ," JAIN<sup><font size=""-2"">TM</font></sup> SPA TSM, SD and SAM 1.0 API",
025, Withdrawn    ,            ,            , 2000-11-21 ,  ," JAIN<sup><font size=""-2"">TM</font></sup> Connectivity Management Specification",
026, Withdrawn    ,            ,            , 2004-03-29 ,  , UML/EJB Mapping Specification,
027, Withdrawn    ,            ,            , 1999-11-05 ,  ," Java<sup><font size=""-2"">TM</font></sup> Cryptography Extension 1.3",
028, Final        , 2003-12-23 ,            ,            ,  , Java SASL Specification,
029, Withdrawn    ,            ,            , 2003-05-30 ,  ," JAIN<sup><font size=""-2"">TM</font></sup> MAP Specification",
030, Final        , 2000-05-30 ,            ,            , Java ME ," J2ME<sup><font size=""-2"">TM</font></sup> Connected, Limited Device Configuration",
031, Final        , 2003-03-04 ,            ,            , Java SE , XML Data Binding Specification,
032, Maintenance  , 2006-11-29 ,            ,            ,  ," JAIN<sup><font size=""-2"">TM</font></sup> SIP API Specification",
033, Withdrawn    ,            ,            , 1999-11-08 ,  , InfoBus 2.0 Specification,
034, Final        , 2002-03-11 ,            ,            ,  ," Java<sup><font size=""-2"">TM</font></sup> Advanced Imaging API 1.1",
035, Final        , 2002-03-05 ,            ,            ,  ," JAIN<sup><font size=""-2"">TM</font></sup> INAP API Specification",
036, Maintenance  , 2005-12-20 ,            ,            , Java ME , Connected Device Configuration,
037, Final        , 2000-09-19 ,            ,            , Java ME ," Mobile Information Device Profile for the J2ME<sup><font size=""-2"">TM</font></sup> Platform",
038, Maintenance  , 2003-01-15 , 2003-02-18 ,            ,  , Application Installation API Specification,
039, Withdrawn    ,            ,            , 2001-10-02 ,  ," Java<sup><font size=""-2"">TM</font></sup> Servlet and JSP Performance Benchmark",
040, Final        , 2002-06-28 ,            ,            ,  ," The Java<sup><font size=""-2"">TM</font></sup> Metadata Interface (JMI) Specification",
041, Final        , 2002-05-09 ,            ,            , Java SE , A Simple Assertion Facility,
042, Withdrawn    ,            ,            , 2000-06-13 ,  , Travel Industry Reservation Booking Foundation API Specification,
043, Final        , 2002-07-29 ,            ,            ,  , JTAPI 1.4 Specification,
044, Withdrawn    ,            ,            , 2000-11-21 ,  , Braille API Specification,
045, Final        , 2003-11-24 ,            ,            ,  , Debugging Support for Other Languages,
046, Maintenance  , 2005-12-20 ,            ,            , Java ME , Foundation Profile,
047, Final        , 2002-05-09 ,            ,            , Java SE , Logging API Specification,
048, Final        , 2014-07-01 ,            ,            ,  , WBEM Services Specification,
049, Withdrawn    ,            ,            , 2010-02-18 ,  , Web Based Industrial Monitoring Framework,
050, Dormant      , 2000-04-12 , 2000-08-14 ,            , Java ME , Distributed Real-Time Specification,
051, Final        , 2002-05-09 ,            ,            , Java SE ," New I/O APIs for the Java<sup><font size=""-2"">TM</font></sup> Platform",
052, Maintenance  , 2006-10-04 , 2006-11-06 ,            , Java EE ," A Standard Tag Library for JavaServer Pages<sup><font size=""-2"">TM</font></sup>",
053, Maintenance  , 2002-05-24 , 2002-06-24 ,            , Java EE , Java™ Servlet 2.3 and JavaServer Pages™ 1.2 Specifications,
054, Final        , 2002-05-09 ,            ,            , Java SE ," JDBC<sup><font size=""-2"">TM</font></sup> 3.0 Specification",
055, Final        , 2002-05-09 ,            ,            , Java SE , Certification Path API,
056, Maintenance  , 2017-09-21 ,            ,            ,  , Java Network Launching Protocol and API,
057, Final        , 2002-05-09 ,            ,            , Java SE ," Long-Term Persistence for JavaBeans<sup><font size=""-2"">TM</font></sup> Specification",
058, Final        , 2001-09-24 ,            ,            , Java EE ," Java<sup><font size=""-2"">TM</font></sup> 2 Platform, Enterprise Edition 1.3 Specification",
059, Maintenance  , 2004-08-17 , 2004-09-20 ,            , Java SE ," J2SE<sup><font size=""-2"">TM</font></sup> Merlin Release Contents",
060, Withdrawn    ,            ,            , 2016-04-05 ,  , Building Automation Java API,
061, Withdrawn    ,            ,            , 2004-04-09 ,  , Phonelets API Specification,
062, Maintenance  , 2006-03-24 ,            ,            , Java ME , Personal Profile Specification,
063, Final        , 2002-09-10 ,            ,            , Java EE ," Java<sup><font size=""-2"">TM</font></sup> API for XML Processing 1.1",
064, Withdrawn    ,            ,            , 2000-08-29 ,  , Financial Services Party Component,
065, Withdrawn    ,            ,            , 2003-07-25 ,  , Concise Object-Array Literals,
066, Final        , 2002-06-27 ,            ,            , Java ME , RMI Optional Package Specification Version 1.0,
067, Maintenance  , 2017-09-15 ,            ,            , Java EE ," Java<sup><font size=""-2"">TM</font></sup> APIs for XML Messaging 1.0",
068, Withdrawn    ,            ,            , 2011-03-22 , Java ME ," J2ME<sup><font size=""-2"">TM</font></sup> Platform Specification",
069, Withdrawn    ,            ,            , 2012-04-16 ,  , Java OLAP Interface (JOLAP),
070, Withdrawn    ,            ,            , 2003-10-23 ,  ," IIOP Protocol Adapter for JMX<sup><font size=""-2"">TM</font></sup> Specification",
071, Withdrawn    ,            ,            , 2001-06-18 ,  , JMX-TMN Specification,
072, Final        , 2002-05-09 ,            ,            , Java SE ," Java<sup><font size=""-2"">TM</font></sup> GSS API",
073, Maintenance  , 2005-08-12 ,            ,            ,  , Data Mining API,
074, Withdrawn    ,            ,            , 2003-01-14 ,  , Public Key Cryptography Standards (PKCS) 1.0,
075, Final        , 2004-06-07 ,            ,            , Java ME ," PDA Optional Packages for the J2ME<sup><font size=""-2"">TM</font></sup> Platform",
076, Rejected     ,            ,            , 2001-02-21 ,  ," RMI Security for J2SE<sup><font size=""-2"">TM</font></sup>",
077, Maintenance  , 2006-06-22 ,            ,            , Java EE ," J2EE<sup><font size=""-2"">TM</font></sup> Management",
078, Rejected     ,            ,            , 2001-02-21 ,  , RMI Custom Remote References,
079, Final        , 2004-12-06 ,            ,            ,  ," JAIN<sup><font size=""-2"">TM</font></sup> MEGACO API Specification",
080, Final        , 2005-06-08 ,            ,            , Java ME ," Java<sup><font size=""-2"">TM</font></sup> USB API",
081, Withdrawn    ,            ,            , 2002-02-05 ,  , JAIN H323,
082, Maintenance  , 2010-03-08 , 2010-04-12 ,            , Java ME ," Java<sup><font size=""-2"">TM</font></sup> APIs for Bluetooth",
083, Withdrawn    ,            ,            , 2005-09-06 ,  , Multiarray package,
084, Withdrawn    ,            ,            , 2002-03-01 ,  , Floating Point Extensions,
085, Rejected     , 2000-10-10 ,            ,            ,  , Rules-based Authorization and Audit,
086, Final        , 2004-05-28 ,            ,            ,  , Enterprise Media Beans,
087, Withdrawn    ,            ,            , 2011-01-25 ,  ," Java<sup><font size=""-2"">TM</font></sup> Agent Services",
088, Maintenance  , 2006-06-07 ,            ,            , Java EE ," Java<font size=""-2""><sup>TM</sup></font> EE Application Deployment",
089, Final        , 2006-05-23 ,            ,            ,  , OSS Service Activation API,
090, Final        , 2002-11-26 ,            ,            ,  , OSS Quality of Service API,
091, Maintenance  , 2007-08-21 ,            ,            ,  , OSS Trouble Ticket API,
092, Withdrawn    ,            ,            , 2005-02-08 ,  , Localizable Text,
093, Final        , 2002-06-11 ,            ,            , Java EE ," Java<sup><font size=""-2"">TM</font></sup> API for XML Registries 1.0 (JAXR)",
094, Final        , 2004-08-04 ,            ,            ,  ," Java<sup><font size=""-2"">TM</font></sup> Rule Engine API",
095, Final        , 2006-05-11 ,            ,            ,  ," J2EE<sup><font size=""-2"">TM</font></sup> Activity Service for Extended Transactions",
096, Withdrawn    ,            ,            , 2002-03-15 ,  ," Java<sup><font size=""-2"">TM</font></sup> Daemons",
097, Final        , 2003-10-16 ,            ,            ,  ," JavaHelp<sup><font size=""-2"">TM</font></sup> 2.0 Specification",
098, Final        , 2002-02-28 ,            ,            ,  ," JAIN<sup><font size=""-2"">TM</font></sup> User Location and Status API",
099, Maintenance  , 2005-01-21 , 2005-03-28 ,            ,  , Java Specification Participation Agreement,
100, Withdrawn    ,            ,            , 2006-12-04 ,  ," JAIN<sup><font size=""-2"">TM</font></sup> Service Creation Environment",
101, Final        , 2003-10-28 ,            ,            , Java EE ," Java<sup><font size=""-2"">TM</font></sup> APIs for XML based RPC",
102, Withdrawn    ,            ,            , 2011-03-22 ,  , JDOM 1.0,
103, Withdrawn    ,            ,            , 2003-03-21 ,  ," JAIN<sup><font size=""-2"">TM</font></sup> User Interaction API",
104, Withdrawn    ,            ,            , 2009-06-11 ,  , XML Trust Service APIs,
105, Final        , 2005-06-24 ,            ,            , Java SE , XML Digital Signature APIs,
106, Withdrawn    ,            ,            , 2010-05-04 ,  , XML Digital Encryption APIs,
107, Active       , 2019-03-05 , 2019-03-11 ,            ,  , JCACHE - Java Temporary Caching API,
108, Withdrawn    ,            ,            , 2004-07-23 ,  , Units Specification,
109, Maintenance  , 2013-06-07 ,            ,            , Java EE , Implementing Enterprise Web Services,
110, Final        , 2006-09-22 ,            ,            ,  ," Java<sup><font size=""-2"">TM</font></sup> APIs for WSDL",
111, Withdrawn    ,            ,            , 2003-08-19 ,  ," Java<sup><font size=""-2"">TM</font></sup> Services Framework",
112, Final        , 2003-11-24 ,            ,            , Java EE ," J2EE<sup><font size=""-2"">TM</font></sup> Connector Architecture 1.5",
113, Final        , 2009-05-07 ,            ,            , Java ME ," Java<sup><font size=""-2"">TM</font></sup> Speech API 2.0",
114, Maintenance  , 2014-03-04 ,            ,            , Java SE , JDBC Rowset Implementations,
115, Maintenance  , 2013-06-10 ,            ,            , Java EE ," Java<sup><font size=""-2"">TM</font></sup> Authorization Contract for Containers",
116, Final        , 2003-03-07 ,            ,            ,  , SIP Servlet API,
117, Withdrawn    ,            ,            , 2003-08-25 ,  ," J2EE<sup><font size=""-2"">TM</font></sup> APIs for Continuous Availability",
118, Maintenance  , 2010-10-18 , 2010-11-22 ,            , Java ME , Mobile Information Device Profile 2.0,
119, Withdrawn    ,            ,            , 2003-02-24 ,  ," JAIN<sup><font size=""-2"">TM</font></sup> SPA Integrity Management and Event Notification API",
120, Final        , 2003-04-25 ,            ,            , Java ME , Wireless Messaging API,
121, Final        , 2006-06-13 ,            ,            ,  , Application Isolation API Specification,
122, Withdrawn    ,            ,            , 2016-04-05 ,  ," JAIN<sup><font size=""-2"">TM</font></sup> JCAT",
123, Withdrawn    ,            ,            , 2004-03-19 ,  ," JAIN<sup><font size=""-2"">TM</font></sup> Presence and Availability Management (PAM) API",
124, Final        , 2003-10-24 ,            ,            ,  ," J2EE<sup><font size=""-2"">TM</font></sup> Client Provisioning Specification",
125, Withdrawn    ,            ,            , 2006-03-14 ,  ," JAIN<sup><font size=""-2"">TM</font></sup> SIP Lite",
126, Withdrawn    ,            ,            , 2003-11-10 ,  , Distributed Page Assembly,
127, Final        , 2004-05-27 ,            ,            ,  , JavaServer Faces,
128, Withdrawn    ,            ,            , 2010-02-26 ,  , JESI - JSP Tag Library for Edge Side Includes (ESI),
129, Maintenance  , 2005-12-19 ,            ,            , Java ME , Personal Basis Profile Specification,
130, Maintenance  , 2004-02-03 ,            ,            ,  , OSS Billing Mediation API,
131, Final        , 2002-04-25 ,            ,            ,  , ECPerf 1.1,
132, Withdrawn    ,            ,            , 2002-01-28 ,  ," JAIN<sup><font size=""-2"">TM</font></sup> OAM API Specification v2.0",
133, Final        , 2004-09-30 ,            ,            , Java SE ," Java<sup><font size=""-2"">TM</font></sup> Memory Model and Thread Specification Revision",
134, Withdrawn    ,            ,            , 2003-07-09 , Java ME ," Java<sup><font size=""-2"">TM</font></sup> Game Profile",
135, Maintenance  , 2010-09-20 , 2010-10-25 ,            , Java ME , Mobile Media API,
136, Withdrawn    ,            ,            , 2004-03-19 ,  ," Java<sup><font size=""-2"">TM</font></sup> Technology for Service Providers",
137, Withdrawn    ,            ,            , 2003-03-04 ,  ," JAIN<font size=""-2""><sup>TM</sup></font> 3G MAP Specification",
138, Withdrawn    ,            ,            , 2010-02-26 , Java ME , Performance Metric Instrumentation,
139, Maintenance  , 2007-11-29 ,            ,            , Java ME , Connected Limited Device Configuration 1.1,
140, Withdrawn    ,            ,            , 2004-10-05 ,  , Service Location Protocol (SLP) API for Java,
141, Dormant      , 2004-07-20 ,            ,            ,  , SDP API,
142, Final        , 2007-08-27 ,            ,            ,  , OSS Inventory API,
143, Rejected     ,            ,            , 2001-08-06 , Java ME , JavaDesk,
144, Maintenance  , 2007-07-24 ,            ,            ,  , OSS Common API,
145, Withdrawn    ,            ,            , 2003-02-14 ,  ," JAIN<sup><font size=""-2"">TM</font></sup> SPA Common API",
146, Withdrawn    ,            ,            , 2003-07-14 ,  , WBEM Services: JMX Provider Protocol Adapter,
147, Final        , 2007-03-30 ,            ,            ,  , Workspace Versioning and Configuration Management,
148, Withdrawn    ,            ,            , 2002-12-02 ,  , 3D Media Utilities,
149, Withdrawn    ,            ,            , 2005-10-26 ,  , Work Area Service for J2EE,
150, Withdrawn    ,            ,            , 2008-10-30 ,  , Internationalization Service for J2EE,
151, Maintenance  , 2004-03-24 , 2004-04-26 ,            , Java EE ," Java<sup><font size=""-2"">TM</font></sup> 2 Platform, Enterprise Edition 1.4 (J2EE 1.4) Specification",
152, Final        , 2003-11-24 ,            ,            , Java EE ," JavaServer Pages<sup><font size=""-2"">TM</font></sup> 2.0 Specification",
153, Final        , 2003-11-24 ,            ,            , Java EE ," Enterprise JavaBeans<sup><font size=""-2"">TM</font></sup> 2.1",
154, Maintenance  , 2007-09-11 ,            ,            , Java EE ," Java<sup><font size=""-2"">TM</font></sup> Servlet 2.4 Specification",
155, Withdrawn    ,            ,            , 2010-02-18 ,  , Web Services Security Assertions,
156, Withdrawn    ,            ,            , 2010-02-18 ,  , Java API for XML Transactions,
157, Withdrawn    ,            ,            , 2010-07-30 ,  , ebXML CPP/A APIs for Java,
158, Withdrawn    ,            ,            , 2011-12-14 ,  ," Java<sup><font size=""-2"">TM</font></sup> Stream Assembly",
159, Withdrawn    ,            ,            , 2003-05-05 ,  ," Java<sup><font size=""-2"">TM</font></sup> Process Component API (JPC)",
160, Withdrawn    ,            ,            , 2014-03-05 , Java SE ," Java<sup><font size=""-2"">TM</font></sup> Management Extensions (JMX) Remote API",
161, Dormant      , 2004-05-11 , 2004-06-10 ,            ,  ," JAIN<sup><font size=""-2"">TM</font></sup> ENUM API Specification",
162, Withdrawn    ,            ,            , 2002-01-20 ,  , Portlet API,
163, Final        , 2004-09-30 ,            ,            , Java SE ," Java<sup><font size=""-2"">TM</font></sup> Platform Profiling Architecture",
164, Final        , 2005-10-25 ,            ,            , Java ME , SIMPLE Presence,
165, Final        , 2005-10-25 ,            ,            , Java ME , SIMPLE Instant Messaging,
166, Final        , 2004-09-30 ,            ,            , Java SE , Concurrency Utilities,
167, Withdrawn    ,            ,            , 2002-01-20 ,  ," Java<sup><font size=""-2"">TM</font></sup> Portlet Specification",
168, Final        , 2003-10-27 ,            ,            ,  , Portlet Specification,
169, Final        , 2004-04-08 ,            ,            , Java ME , JDBC Optional Package for CDC/Foundation Profile,
170, Maintenance  , 2006-03-22 , 2006-04-24 ,            ,  ," Content Repository for Java<sup><font size=""-2"">TM</font></sup> technology API",
171, Final        , 2002-10-23 ,            ,            ,  ," Java Community Process<sup><font size=""-2"">SM</font></sup> (JCP) Program, version 2.5",
172, Maintenance  , 2011-10-20 ,            ,            , Java ME ," J2ME<sup><font size=""-2"">TM</font></sup> Web Services Specification",
173, Withdrawn    ,            ,            , 2016-07-26 , Java SE , Streaming API for XML,
174, Final        , 2004-09-30 ,            ,            , Java SE , Monitoring and Management Specification for the Java™ Virtual Machine,
175, Final        , 2004-09-30 ,            ,            , Java SE ," A Metadata Facility for the Java<sup><font size=""-2"">TM</font></sup> Programming Language",
176, Maintenance  , 2006-10-11 , 2006-11-13 ,            , Java SE ," J2SE<sup><font size=""-2"">TM</font></sup> 5.0 (Tiger) Release Contents",
177, Maintenance  , 2007-08-20 ,            ,            , Java ME ," Security and Trust Services API for J2ME<sup><font size=""-2"">TM</font></sup>",
178, Rejected     ,            ,            , 2002-05-07 , Java ME , Mobile Game API,
179, Final        , 2011-09-28 ,            ,            , Java ME ," Location API for J2ME<sup><font size=""-2"">TM</font></sup>",
180, Final        , 2011-10-31 ,            ,            , Java ME ," SIP API for J2ME<sup><font size=""-2"">TM</font></sup>",
181, Maintenance  , 2013-06-18 ,            ,            , Java EE ," Web Services Metadata for the Java<sup><font size=""-2"">TM</font></sup> Platform",
182, Dormant      , 2004-10-27 , 2004-12-25 ,            ,  ," JPay - Payment API for the Java<sup><font size=""-2"">TM</font></sup> Platform",
183, Withdrawn    ,            ,            , 2008-08-05 ,  , Web Services Message Security APIs,
184, Final        , 2005-08-24 ,            ,            , Java ME ," Mobile 3D Graphics API for J2ME<sup><font size=""-2"">TM</font></sup>",
185, Maintenance  , 2006-01-10 , 2006-01-17 ,            , Java ME ," Java<sup><font size=""-2"">TM</font></sup> Technology for the Wireless Industry",
186, Final        , 2006-03-15 ,            ,            , Java ME , Presence,
187, Final        , 2006-03-17 ,            ,            , Java ME , Instant Messaging,
188, Final        , 2003-10-30 ,            ,            ,  , CC/PP Processing,
189, Withdrawn    ,            ,            , 2005-11-08 ,  ," Java<sup><font size=""-2"">TM</font></sup> 3D API 1.4",
190, Final        , 2007-11-09 ,            ,            , Java ME , Event Tracking API for J2ME,
191, Withdrawn    ,            ,            , 2003-03-21 ,  ," JAIN<sup><font size=""-2"">TM</font></sup> GCCS API",
192, Withdrawn    ,            ,            , 2004-09-22 ,  , JAIN™ Service Creation Environment - Java™ PART,
193, Withdrawn    ,            ,            , 2002-10-14 ,  , Client Side Container (CSC),
194, Withdrawn    ,            ,            , 2003-02-21 ,  ," JAIN<sup><font size=""-2"">TM</font></sup> ULS API",
195, Final        , 2003-07-31 ,            ,            , Java ME , Information Module Profile,
196, Maintenance  , 2013-06-12 ,            ,            ,  ," Java<sup><font size=""-2"">TM</font></sup> Authentication Service Provider Interface for Containers",
197, Final        , 2003-10-15 ,            ,            ,  , Generic Connection Framework Optional Package for the J2SE Platform,
198, Final        , 2006-05-08 ,            ,            ,  , A Standard Extension API for Integrated Development Environments,
199, Maintenance  , 2017-09-21 ,            ,            , Java SE ," Java<sup><font size=""-2"">TM</font></sup> Compiler API",
200, Final        , 2004-09-30 ,            ,            , Java SE ," Network Transfer Format for Java<sup><font size=""-2"">TM</font></sup>  Archives.",
201, Final        , 2004-09-30 ,            ,            , Java SE ," Extending the Java™ Programming Language with Enumerations, Autoboxing, Enhanced for loops and Static Impor",
202, Final        , 2006-12-11 ,            ,            , Java SE ," Java<sup><font size=""-2"">TM</font></sup> Class File Specification Update",
203, Final        , 2011-07-20 ,            ,            , Java SE ," More New I/O APIs for the Java<sup><font size=""-2"">TM</font></sup> Platform (""NIO.2"")",
204, Final        , 2004-09-30 ,            ,            , Java SE , Unicode Supplementary Character Support,
205, Final        , 2004-06-04 ,            ,            , Java ME , Wireless Messaging API 2.0,
206, Withdrawn    ,            ,            , 2014-03-05 , Java SE ," Java<sup><font size=""-2"">TM</font></sup> API for XML Processing (JAXP) 1.3",
207, Withdrawn    ,            ,            , 2010-02-26 ,  ," Process Definition for Java<sup><font size=""-2"">TM</font></sup>",
208, Final        , 2005-08-25 ,            ,            ,  ," Java<sup><font size=""-2"">TM</font></sup> Business Integration (JBI)",
209, Final        , 2006-10-05 ,            ,            , Java ME , Advanced Graphics and User Interface Optional Package for the J2ME™ Platform,
210, Withdrawn    ,            ,            , 2012-05-23 ,  , OSS Service Quality Management API,
211, Maintenance  , 2009-09-25 ,            ,            , Java ME , Content Handler API,
212, Maintenance  , 2005-01-12 ,            ,            ,  , Server API for Mobile Services: Messaging - SAMS: Messaging,
213, Rejected     ,            ,            , 2003-05-13 , Java ME , Micro WSCI Framework for J2ME.,
214, Rejected     ,            ,            , 2003-05-13 , Java ME , Micro BPSS for J2ME Devices.,
215, Maintenance  , 2009-05-27 ,            ,            ,  ," Java Community Process<sup><font size=""-2"">SM</font></sup> version 2.6",
216, Maintenance  , 2006-08-03 ,            ,            , Java ME , Personal Profile 1.1,
217, Maintenance  , 2006-08-03 ,            ,            , Java ME , Personal Basis Profile 1.1,
218, Maintenance  , 2006-08-03 ,            ,            , Java ME , Connected Device Configuration (CDC) 1.1,
219, Maintenance  , 2006-08-03 ,            ,            , Java ME , Foundation Profile 1.1,
220, Maintenance  , 2007-11-14 , 2007-12-17 ,            , Java EE ," Enterprise JavaBeans<sup><font size=""-2"">TM</font></sup> 3.0",
221, Maintenance  , 2017-09-21 ,            ,            , Java SE ," JDBC<sup><font size=""-2"">TM</font></sup> 4.0 API Specification",
222, Maintenance  , 2017-09-19 ,            ,            , Java EE/SE ," Java<sup><font size=""-2"">TM</font></sup> Architecture for XML Binding (JAXB) 2.0",
223, Withdrawn    ,            ,            , 2016-12-13 , Java SE ," Scripting for the Java<sup><font size=""-2"">TM</font></sup> Platform",
224, Maintenance  , 2017-09-21 ,            ,            , Java EE/SE ," Java<sup><font size=""-2"">TM</font></sup> API for XML-Based Web Services (JAX-WS) 2.0",
225, Final        , 2009-06-24 ,            ,            ,  ," XQuery API for Java<sup><font size=""-2"">TM</font></sup> (XQJ)",
226, Maintenance  , 2006-06-02 ,            ,            , Java ME ," Scalable 2D Vector Graphics API for J2ME<sup><font size=""-2"">TM</font></sup>",
227, Withdrawn    ,            ,            , 2011-05-02 ,  ," A Standard Data Binding &amp; Data Access Facility for J2EE<sup><font size=""-2"">TM</font></sup>",
228, Final        , 2005-11-30 ,            ,            , Java ME , Information Module Profile - Next Generation (IMP-NG),
229, Maintenance  , 2006-01-24 ,            ,            , Java ME , Payment API,
230, Dormant      , 2006-09-22 ,            ,            , Java ME , Data Sync API,
231, Maintenance  , 2008-05-19 ,            ,            ,  ," Java<sup><font size=""-2"">TM</font></sup> Binding for the OpenGL<sup>®</sup> API",
232, Maintenance  , 2008-01-17 ,            ,            , Java ME , Mobile Operational Management,
233, Withdrawn    ,            ,            , 2011-07-15 ,  , J2EE Mobile Device Management and Monitoring Specification,
234, Maintenance  , 2011-10-27 ,            ,            , Java ME , Advanced Multimedia Supplements,
235, Final        , 2009-05-11 ,            ,            ,  , Service Data Objects,
236, Final        , 2013-05-28 ,            ,            ,  ," Concurrency Utilities for Java<font size=""-2""><sup>TM</sup></font> EE",
237, Withdrawn    ,            ,            , 2008-06-18 ,  , Work Manager for Application Servers,
238, Final        , 2005-04-21 ,            ,            , Java ME , Mobile Internationalization API,
239, Maintenance  , 2007-08-14 ,            ,            , Java ME ," Java<sup><font size=""-2"">TM</font></sup> Binding for the OpenGL<sup>®</sup> ES API",
240, Final        , 2008-07-14 ,            ,            ,  ," JAIN<font size=""-2""><sup>TM</sup></font> SLEE (JSLEE) v1.1",
241, Dormant      , 2004-03-30 ,            ,            ,  , The Groovy Programming Language,
242, Final        , 2007-09-26 ,            ,            , Java ME ," Digital Set Top Box Profile - ""On Ramp to OCAP""",
243, Maintenance  , 2018-02-06 , 2018-02-12 ,            ,  ," Java<sup><font size=""-2"">TM</font></sup> Data Objects 2.0 - An Extension to the JDO specification",
244, Final        , 2006-05-11 ,            ,            , Java EE ," Java<sup><font size=""-2"">TM</font></sup> Platform, Enterprise Edition 5 (Java EE 5) Specification",
245, Maintenance  , 2013-06-12 ,            ,            , Java EE ," JavaServer<sup><font size=""-2"">TM</font></sup> Pages 2.1",
246, Dormant      , 2005-08-08 , 2005-09-07 ,            , Java ME , Device Management API,
247, Withdrawn    ,            ,            , 2011-05-02 ,  , Data Mining 2.0,
248, Maintenance  , 2008-02-21 ,            ,            , Java ME , Mobile Service Architecture,
249, Dormant      , 2009-02-17 , 2009-02-23 ,            , Java ME , Mobile Service Architecture 2,
250, Maintenance  , 2016-09-02 ,            ,            , Java EE/SE , Common Annotations for the Java<sup>TM</sup> Platform,
251, Dormant      , 2006-05-01 , 2006-05-31 ,            ,  , Pricing API,
252, Maintenance  , 2008-07-22 , 2008-08-25 ,            , Java EE , JavaServer Faces 1.2,
253, Final        , 2006-03-10 ,            ,            , Java ME , Mobile Telephony API (MTA),
254, Final        , 2008-02-08 ,            ,            ,  , OSS Discovery API,
255, Withdrawn    ,            ,            , 2016-03-24 ,  ," Java™ Management Extensions (JMX™) Specification, version 2.0",
256, Maintenance  , 2009-03-27 , 2009-04-27 ,            , Java ME , Mobile Sensor API,
257, Maintenance  , 2011-10-31 ,            ,            , Java ME , Contactless Communication API,
258, Maintenance  , 2011-10-31 ,            ,            , Java ME , Mobile User Interface Customization API,
259, Dormant      , 2006-01-30 , 2006-03-01 ,            , Java ME , Ad Hoc Networking API,
260, Withdrawn    ,            ,            , 2011-03-22 ,  ," Javadoc<font size=""-2""><sup>TM</sup></font> Tag Technology Update",
261, Withdrawn    ,            ,            , 2006-12-15 ,  ," Java<sup><font size=""-2"">TM</font></sup> API for XML Web Services Addressing (JAX-WSA)",
262, Withdrawn    ,            ,            , 2016-03-24 ,  , Web Services Connector for Java Management Extensions (JMX) Agents,
263, Final        , 2007-09-14 ,            ,            ,  , Fault Management API,
264, Final        , 2007-09-24 ,            ,            ,  , Order Management API,
265, Withdrawn    ,            ,            , 2010-01-28 ,  , API for Utilizing Web Services Policy,
266, Dormant      , 2006-04-14 , 2006-05-14 ,            , Java ME , Unified Message Box Access API (UMBA-API),
267, Withdrawn    ,            ,            , 2008-02-06 ,  , JSP Tag Library for Web Services,
268, Final        , 2006-12-11 ,            ,            ,  ," Java<sup><font size=""-2"">TM</font></sup> Smart Card I/O API",
269, Active       , 2019-01-29 , 2019-02-04 ,            , Java SE , Pluggable Annotation Processing API,
270, Maintenance  , 2015-03-18 ,            ,            , Java SE ," Java<sup><font size=""-2"">TM</font></sup> SE 6 Release Contents",
271, Final        , 2009-12-09 ,            ,            , Java ME , Mobile Information Device Profile 3,
272, Final        , 2008-12-05 ,            ,            , Java ME , Mobile Broadcast Service API for Handheld Terminals,
273, Withdrawn    ,            ,            , 2011-03-22 ,  ," Design-Time API for JavaBeans<sup><font size=""-2"">TM</font></sup> JBDT",
274, Dormant      , 2005-06-07 ,            ,            ,  , The BeanShell Scripting Language,
275, Rejected     ,            ,            , 2010-03-09 ,  , Units Specification,
276, Dormant      , 2010-04-09 , 2010-05-09 ,            ,  ," Design-Time Metadata for JavaServer<font size=""-2""><sup>TM</sup></font> Faces Components",
277, Withdrawn    ,            ,            , 2016-01-20 , Java SE ," Java<font size=""-2""><sup>TM</sup></font> Module System",
278, Dormant      , 2007-01-30 , 2007-02-05 ,            , Java ME ," Resource Management API for Java<sup><font size=""-2"">TM</font></sup> ME",
279, Final        , 2009-11-16 ,            ,            , Java ME ," Service Connection API for Java<sup><font size=""-2"">TM</font></sup>  ME",
280, Final        , 2007-10-11 ,            ,            , Java ME ," XML API for Java<sup><font size=""-2"">TM</font></sup> ME",
281, Maintenance  , 2009-04-22 ,            ,            , Java ME , IMS Services API,
282, Active       , 2018-06-11 , 2018-07-11 ,            , Java ME , RTSJ version 1.1,
283, Final        , 2009-09-25 ,            ,            ,  ," Content Repository for Java<sup><font size=""-2"">TM</font></sup> Technology API Version 2.0",
284, Final        , 2009-01-22 ,            ,            ,  , Resource Consumption Management API,
285, Dormant      , 2005-11-15 ,            ,            ,  , Performance Management API,
286, Maintenance  , 2015-08-18 , 2015-08-24 ,            ,  , Portlet Specification 2.0,
287, Final        , 2009-12-10 ,            ,            , Java ME ," Scalable 2D Vector Graphics API 2.0 for Java ME<font size=""-2""><sup>TM</sup></font>",
288, Rejected     ,            ,            , 2006-02-22 , Java ME ," Adaptive Java<font size=""-2""><sup>TM</sup></font> ME System API",
289, Final        , 2008-08-21 ,            ,            ,  , SIP Servlet v1.1,
290, Dormant      , 2009-05-01 ,            ,            , Java ME ," Java<sup><font size=""-2"">TM</font></sup> Language &amp; XML User Interface Markup Integration",
291, Final        , 2007-08-07 ,            ,            ,  ," Dynamic Component Support for Java<sup><font size=""-2"">TM</font></sup> SE",
292, Final        , 2011-07-20 ,            ,            , Java SE ," Supporting Dynamically Typed Languages on the Java<font size=""-2""><sup>TM</sup></font> Platform",
293, Final        , 2008-11-04 ,            ,            , Java ME , Location API 2.0,
294, Withdrawn    ,            ,            , 2016-01-20 , Java SE ," Improved Modularity Support in the Java<font size=""-2""><sup>TM</sup></font> Programming Language",
295, Withdrawn    ,            ,            , 2011-05-02 ,  , Beans Binding,
296, Withdrawn    ,            ,            , 2011-06-06 ,  , Swing Application Framework,
297, Dormant      , 2009-04-14 ,            ,            , Java ME , Mobile 3D Graphics API 2.0,
298, Final        , 2008-10-14 ,            ,            , Java ME ," Telematics API for Java<sup><font size=""-2"">TM</font></sup> ME",
299, Final        , 2009-12-10 ,            ,            ,  ," Contexts and Dependency Injection for the Java<font size=""-2""><sup>TM</sup></font> EE platform",
300, Final        , 2010-02-04 ,            ,            , Java ME ," DRM API for Java<sup><font size=""-2"">TM</font></sup> ME",
301, Final        , 2010-07-08 ,            ,            ,  ," Portlet 1.0 Bridge for JavaServer<font size=""-2""><sup>TM</sup></font> Faces 1.2",
302, Active       , 2018-06-11 , 2018-07-11 ,            , Java ME ," Safety Critical Java<font size=""-2""><sup>TM</sup></font> Technology",
303, Final        , 2009-11-16 ,            ,            ,  , Bean Validation,
304, Dormant      , 2006-08-01 ,            ,            , Java ME , Mobile Telephony API version 2,
305, Dormant      , 2006-09-12 ,            ,            ,  , Annotations for Software Defect Detection,
306, Withdrawn    ,            ,            , 2010-12-16 ,  , Towards a new version of the JCP,
307, Dormant      , 2009-02-17 , 2009-02-23 ,            , Java ME , Network Mobility and Mobile Data API,
308, Final        , 2014-03-04 ,            ,            , Java SE , Annotations on Java Types,
309, Final        , 2009-12-21 ,            ,            ,  , Media Server Control API,
310, Final        , 2014-03-04 ,            ,            , Java SE , Date and Time API,
311, Maintenance  , 2009-11-23 ,            ,            ,  ," JAX-RS: The Java<font size=""-2""><sup>TM</sup></font> API for RESTful Web Services",
312, Withdrawn    ,            ,            , 2010-12-17 ,  ," Java<sup><font size=""-2"">TM</font></sup> Business Integration 2.0 (JBI 2.0)",
313, Withdrawn    ,            ,            , 2007-04-13 , Java EE ," Java<font size=""-2""><sup>TM</sup></font> Platform, Enterprise Edition 6 (Java EE 6) Specification",
314, Maintenance  , 2010-11-22 ,            ,            ,  , JavaServer Faces 2.0,
315, Maintenance  , 2011-03-09 ,            ,            , Java EE ," Java<sup><font size=""-2"">TM</font></sup> Servlet 3.0 Specification",
316, Final        , 2009-12-10 ,            ,            , Java EE ," Java<font size=""-2""><sup>TM</sup></font> Platform, Enterprise Edition 6 (Java EE 6) Specification",
317, Final        , 2009-12-10 ,            ,            , Java EE ," Java<font size=""-2""><sup>TM</sup></font> Persistence 2.0",
318, Maintenance  , 2017-08-18 ,            ,            , Java EE ," Enterprise JavaBeans<font size=""-2""><sup>TM</sup></font> 3.1/Interceptors 1.2",
319, Final        , 2010-06-15 ,            ,            ,  , Availability Management for Java,
320, Dormant      , 2007-11-13 ,            ,            , Java ME , Services Framework,
321, Final        , 2011-12-05 ,            ,            ,  ," Trusted Computing API for Java<sup><font size=""-2"">TM</font></sup>",
322, Maintenance  , 2013-06-10 ,            ,            , Java EE ," Java<sup><font size=""-2"">TM</font></sup> EE Connector Architecture 1.6",
323, Rejected     ,            ,            , 2008-01-22 ,  ," Strong Mobility for Java<sup><font size=""-2"">TM</font></sup>",
324, Rejected     ,            ,            , 2008-04-15 ,  , On Screen MIDlet API for Java ME,
325, Final        , 2010-10-26 ,            ,            , Java ME , IMS Communication Enablers (ICE),
326, Dormant      , 2009-10-29 , 2009-11-28 ,            ,  , Post mortem JVM Diagnostics API,
327, Dormant      , 2010-04-30 ,            ,            , Java ME ," Dynamic Contents Delivery Service API for Java<font size=""-2""><sup>TM</sup></font> ME",
328, Withdrawn    ,            ,            , 2016-04-11 ,  , Change Management API,
329, Maintenance  , 2015-08-18 , 2015-08-24 ,            ,  ," Portlet 2.0 Bridge for JavaServer<font size=""-2""><sup>TM</sup></font> Faces 1.2 Specification",
330, Final        , 2009-10-14 ,            ,            ,  , Dependency Injection for Java,
331, Maintenance  , 2012-10-16 ,            ,            ,  , Constraint Programming API,
332, Dormant      , 2009-11-17 , 2009-11-30 ,            ,  ," Email Client API for Java<font size=""-2""><sup>TM</sup></font> ME",
333, Dormant      , 2013-08-31 ,            ,            ,  , Content Repository API for Java Technology 2.1,
334, Final        , 2011-07-20 ,            ,            , Java SE ," Small Enhancements to the Java<font size=""-2""><sup>TM</sup></font> Programming Language",
335, Final        , 2014-03-04 ,            ,            , Java SE ," Lambda Expressions for the Java<font size=""-2""><sup>TM</sup></font> Programming Language",
336, Maintenance  , 2015-03-12 ,            ,            , Java SE ," Java<font size=""-2""><sup>TM</sup></font> SE 7 Release Contents",
337, Active       , 2019-03-12 , 2019-03-18 ,            , Java SE ," Java<font size=""-2""><sup>TM</sup></font> SE 8 Release Contents",
338, Maintenance  , 2017-08-04 ,            ,            ,  ," Java<font size=""-2""><sup>TM</sup></font> Persistence 2.2",
339, Maintenance  , 2014-10-13 ,            ,            ,  , JAX-RS 2.0: The Java API for RESTful Web Services,
340, Final        , 2013-05-28 ,            ,            ,  , Java Servlet 3.1 Specification,
341, Final        , 2013-05-22 ,            ,            ,  , Expression Language 3.0,
342, Maintenance  , 2015-07-03 ,            ,            , Java EE ," Java<font size=""-2""><sup>TM</sup></font> Platform, Enterprise Edition 7 (Java EE 7) Specification",
343, Maintenance  , 2015-03-16 ,            ,            , Java EE ," Java<font size=""-2""><sup>TM</sup></font> Message Service 2.0",
344, Final        , 2013-05-21 ,            ,            ,  ," JavaServer<font size=""-2""><sup>TM</sup></font> Faces 2.2",
345, Final        , 2013-05-28 ,            ,            ,  ," Enterprise JavaBeans<sup><font size=""-2"">TM</font></sup> 3.2",
346, Maintenance  , 2014-04-18 ,            ,            ,  ," Contexts and Dependency Injection for Java<font size=""-2""><sup>TM</sup></font> EE 1.1",
347, Withdrawn    ,            ,            , 2015-01-06 ,  ," Data Grids for the Java<font size=""-2""><sup>TM</sup></font> Platform",
348, Final        , 2011-10-18 ,            ,            ,  , Towards a new version of the Java Community Process,
349, Final        , 2013-05-24 ,            ,            ,  , Bean Validation 1.1,
350, Rejected     ,            ,            , 2015-05-12 ,  , Java State Management,
351, Withdrawn    ,            ,            , 2016-07-06 ,  ," Java<font size=""-2""><sup>TM</sup></font> Identity API",
352, Maintenance  , 2014-08-19 ,            ,            ,  , Batch Applications for the Java Platform,
353, Final        , 2013-05-23 ,            ,            ,  ," Java<sup><font size=""-2"">TM</font></sup> API for JSON Processing",
354, Active       , 2018-10-30 , 2018-11-05 ,            ,  , Money and Currency API,
355, Final        , 2012-08-22 ,            ,            ,  , JCP Executive Committee Merge,
356, Maintenance  , 2014-08-13 ,            ,            ,  ," Java<sup><font size=""-2"">TM</font></sup> API for WebSocket",
357, Rejected     ,            ,            , 2012-03-20 ,  , Social Media API,
358, Withdrawn    ,            ,            , 2016-03-30 ,  , A major revision of the Java Community Process,
359, Final        , 2015-04-11 ,            ,            ,  , SIP Servlet 2.0,
360, Final        , 2014-04-30 ,            ,            , Java ME , Connected Limited Device Configuration 8,
361, Final        , 2014-04-30 ,            ,            , Java ME ," Java<font size=""-2""><sup>TM</sup></font> ME Embedded Profile",
362, Final        , 2017-04-12 ,            ,            ,  , Portlet Specification 3.0,
363, Final        , 2016-09-13 ,            ,            ,  , Units of Measurement API,
364, Maintenance  , 2017-10-31 ,            ,            ,  , Broadening JCP Membership,
365, Final        , 2017-05-22 ,            ,            ,  ," Contexts and Dependency Injection for Java<sup><font size=""_2"">TM</font></sup> 2.0",
366, Final        , 2017-09-18 ,            ,            , Java EE ," Java Platform, Enterprise Edition 8 (Java EE 8) Specification",
367, Final        , 2017-07-07 ,            ,            , Java EE ," Java<sup><font size=""-2"">TM</font></sup> API for JSON Binding (JSON-B)",
368, Withdrawn    ,            ,            , 2016-11-29 , Java EE ," Java<font size=""-2""><sup>TM</sup></font> Message Service 2.1",
369, Final        , 2017-09-05 ,            ,            , Java EE ," Java<font size=""-2""><sup>TM</sup></font> Servlet 4.0 Specification",
370, Final        , 2017-08-22 ,            ,            , Java EE ," Java<font size=""-2""><sup>TM</sup></font> API for RESTful Web Services (JAX-RS 2.1) Specification",
371, Active       , 2018-09-28 ,            ,            , Java EE , Model-View-Controller (MVC 1.0) Specification,
372, Final        , 2017-04-17 ,            ,            , Java EE , JavaServer Faces (JSF 2.3) Specification.,
373, Withdrawn    ,            ,            , 2016-11-29 , Java EE ," Java<sup><font size=""-2"">TM</font></sup> EE Management API 2.0",
374, Final        , 2017-05-24 ,            ,            , Java EE ," Java<sup><font size=""-2"">TM</font></sup> API for JSON Processing 1.1",
375, Final        , 2017-09-19 ,            ,            , Java EE ," Java<sup><font size=""-2"">TM</font></sup> EE Security API",
376, Final        , 2017-09-21 ,            ,            , Java SE ," Java<sup><font size=""-2"">TM</font></sup> Platform Module System",
377, Active       , 2018-06-05 , 2018-06-11 ,            ,  , Desktop&#124;Embedded Application API,
378, Active       , 2018-07-20 , 2018-10-17 ,            ,  ," Portlet 3.0 Bridge for JavaServer<font size=""-2""><sup>TM</sup></font> Faces 2.2 Specification",
379, Final        , 2017-09-21 ,            ,            , Java SE ," Java<sup><font size=""-2"">TM</font></sup> SE 9 Release Contents",
380, Final        , 2017-08-21 ,            ,            , Java EE , Bean Validation 2.0,
381, Active       , 2018-08-02 , 2018-09-30 ,            ,  , Visual Recognition (VisRec) Specification,
382, Active       , 2017-09-26 , 2017-10-09 ,            ,  , Configuration API 1.0,
383, Active       , 2018-03-14 ,            ,            , Java SE , Java™ SE 10 (18.3),
384, Active       , 2019-03-12 , 2019-03-18 ,            , Java SE ," Java<sup><font size=""-2"">TM</font></sup> SE 11 (18.9)",
385, Active       , 2018-09-13 , 2018-10-13 ,            ,  , Units of Measurement API 2.0,
386, Active       , 2018-12-04 , 2018-12-10 ,            , Java SE , Java SE 12,
387, Active       , 2018-12-17 ,            ,            ,  , Streamline the JCP Program,
388, Active       , 2018-12-18 , 2018-12-24 ,            , Java SE ," Java<sup><font size=""-2"">TM</font></sup> SE 13",
901, Maintenance  , 2011-08-05 ,            ,            , Java SE ," Java<sup><font size=""-2"">TM</font></sup> Language Specification",
902, Maintenance  , 2000-04-12 , 2000-05-12 ,            , Java EE ," Java™ Servlet API Specification, Version 2.2, Errata Sheet, 4/1/2000",
903, Maintenance  , 2000-05-05 , 2000-06-05 ,            , Java EE ," Java™ Servlet API Specification, Version 2.2, Errata Sheet, 4/27/2000",
904, Maintenance  , 2000-05-25 , 2000-06-25 ,            , Java EE ," JavaMail<sup><font size=""-2"">TM</font></sup> Specification",
905, Maintenance  , 2000-05-08 , 2000-06-08 ,            ,  ," Enterprise JavaBeans<sup><font size=""-2"">TM</font></sup> Specification Version 1.1, Errata Sheet, 5/4/2000",
906, Maintenance  , 2000-06-06 , 2000-07-06 ,            ,  ," JavaServer Pages<sup><font size=""-2"">TM</font></sup> Specification Version 1.1, Errata Sheet 2000.04.28",
907, Active       , 2018-04-02 ,            ,            , Java EE ," Java<sup><font size=""-2"">TM</font></sup> Transaction API (JTA)",
908, Maintenance  , 2000-09-20 , 2000-10-20 ,            ,  ," Java<sup><font size=""-2"">TM</font></sup> Media Framework, version 2.0 - Minor changes",
909, Maintenance  , 2000-11-03 , 2000-12-05 ,            ,  ," Java<sup><font size=""-2"">TM</font></sup> Specification Participation Agreement",
910, Maintenance  , 2000-12-20 , 2001-01-18 ,            , Java SE , JDBC 2.1 Errata Sheet,
911, Maintenance  , 2001-02-21 , 2001-03-23 ,            ,  , API Specification Differences in Ladybird,
912, Maintenance  , 2001-11-21 , 2002-02-11 ,            ,  ," Java 3D<sup><font size=""-2"">TM</font></sup> API 1.3",
913, Maintenance  , 2001-05-08 , 2001-06-11 ,            ,  , JCP 2.0,
914, Final        , 2003-12-02 ,            ,            , Java EE ," Java<sup><font size=""-2"">TM</font></sup> Message Service (JMS) API",
915, Maintenance  , 2001-07-26 , 2001-08-27 ,            , Java SE ," J2SE<sup><font size=""-2"">TM</font></sup> 1.4 (Merlin) Maintenance Review",
916, Maintenance  , 2001-10-01 , 2001-11-05 ,            , Java SE ," J2SE<sup><font size=""-2"">TM</font></sup> 1.4 (Merlin) Beta 2 Maintenance Review",
917, Maintenance  , 2001-11-07 , 2001-12-10 ,            , Java SE ," J2SE<sup><font size=""-2"">TM</font></sup> 1.4 (Merlin) Beta 3 Maintenance Review",
918, Maintenance  , 2002-01-08 , 2002-02-11 ,            , Java SE ," J2SE<sup><font size=""-2"">TM</font></sup> 1.4 Release Candidate",
919, Maintenance  , 2017-08-21 ,            ,            , Java EE ," JavaMail<sup><font size=""-2"">TM</font></sup>",
920, Maintenance  , 2002-04-26 , 2002-05-28 ,            ,  , JMF 2.1.1.,
921, Final        , 2004-01-23 ,            ,            , Java EE , Implementing Enterprise Web Services 1.1,
922, Withdrawn    ,            ,            , 2002-12-04 ,  ," Java<sup><font size=""-2"">TM</font></sup> Communication API",
923, Maintenance  , 2003-04-04 , 2003-05-05 ,            , Java SE ," J2SE<sup><font size=""-2"">TM</font></sup> 1.4.2 (Mantis) Beta",
924, Maintenance  , 2011-08-05 ,            ,            , Java SE ," Java<sup><font size=""-2"">TM</font></sup> Virtual Machine Specification",
925, Maintenance  , 2017-09-21 ,            ,            , Java SE ," JavaBeans<font size=""-2""><sup>TM</sup></font> Activation Framework 1.1",
926, Maintenance  , 2007-01-18 ,            ,            ,  ," Java 3D<font size=""-2""><sup>TM</sup></font>",
927, Maintenance  , 2008-10-20 ,            ,            , Java ME ," Java<font size=""-2""><sup>TM</sup></font> TV API 1.1",
